<?xml version="1.0" encoding="UTF-8" standalone="no"?>
<javadoc>
<meta>
<date-generated>Sat Aug 17 14:14:46 CST 2013</date-generated>
</meta>
<comment>
<key><![CDATA[us.codecraft.webmagic.pipeline.JsonFilePageModelPipeline]]></key>
<data><![CDATA[ JSON格式持久化到文件的接口。<br>
 如果持久化的文件名是乱码，请再运行的环境变量里加上LANG=zh_CN.UTF-8。<br>

 @author code4crafter@gmail.com <br>
         Date: 13-4-21
         Time: 下午6:28
]]></data>
</comment>
<comment>
<key><![CDATA[us.codecraft.webmagic.pipeline.JsonFilePageModelPipeline()]]></key>
<data><![CDATA[ 新建一个JsonFilePageModelPipeline，使用默认保存路径"/data/webmagic/"
]]></data>
</comment>
<comment>
<key><![CDATA[us.codecraft.webmagic.pipeline.JsonFilePageModelPipeline(java.lang.String)]]></key>
<data><![CDATA[ 新建一个JsonFilePageModelPipeline

 @param path 文件保存路径
]]></data>
</comment>
</javadoc>
