<?xml version="1.0" encoding="UTF-8" standalone="no"?>
<javadoc>
<meta>
<date-generated>Sat Aug 17 14:14:46 CST 2013</date-generated>
</meta>
<comment>
<key><![CDATA[us.codecraft.webmagic.pipeline.JsonFilePipeline]]></key>
<data><![CDATA[ JSON格式持久化到文件的接口。

 @author code4crafter@gmail.com <br>
         Date: 13-4-21
         Time: 下午6:28
]]></data>
</comment>
<comment>
<key><![CDATA[us.codecraft.webmagic.pipeline.JsonFilePipeline()]]></key>
<data><![CDATA[ 新建一个JsonFilePipeline，使用默认保存路径"/data/webmagic/"
]]></data>
</comment>
<comment>
<key><![CDATA[us.codecraft.webmagic.pipeline.JsonFilePipeline(java.lang.String)]]></key>
<data><![CDATA[ 新建一个JsonFilePipeline

 @param path 文件保存路径
]]></data>
</comment>
</javadoc>
