<?xml version="1.0" encoding="UTF-8" standalone="no"?>
<javadoc>
<meta>
<date-generated>Sat Aug 17 14:14:45 CST 2013</date-generated>
</meta>
<comment>
<key><![CDATA[us.codecraft.webmagic.ResultItems]]></key>
<data><![CDATA[ 保存抽取结果的类，由PageProcessor处理得到，传递给{@link us.codecraft.webmagic.pipeline.Pipeline}进行持久化。<br>
 @author code4crafter@gmail.com <br>
 Date: 13-7-25 <br>
 Time: 下午12:20 <br>
]]></data>
</comment>
<comment>
<key><![CDATA[us.codecraft.webmagic.ResultItems.isSkip()]]></key>
<data><![CDATA[ 是否忽略这个页面，用于pipeline来判断是否对这个页面进行处理
 @return 是否忽略 true 忽略
]]></data>
</comment>
<comment>
<key><![CDATA[us.codecraft.webmagic.ResultItems.setSkip(boolean)]]></key>
<data><![CDATA[ 设置是否忽略这个页面，用于pipeline来判断是否对这个页面进行处理
 @param skip
 @return this
]]></data>
</comment>
</javadoc>
