<?xml version="1.0" encoding="UTF-8" standalone="no"?>
<javadoc>
<meta>
<date-generated>Sat Aug 17 14:14:46 CST 2013</date-generated>
</meta>
<comment>
<key><![CDATA[us.codecraft.webmagic.selector.Selectable]]></key>
<data><![CDATA[ 可进行抽取的文本。<br>
 @author code4crafter@gmail.com <br>
 Date: 13-4-20
 Time: 下午7:51
]]></data>
</comment>
<comment>
<key><![CDATA[us.codecraft.webmagic.selector.Selectable.xpath(java.lang.String)]]></key>
<data><![CDATA[ select list with xpath

 @param xpath
 @return new Selectable after extract
]]></data>
</comment>
<comment>
<key><![CDATA[us.codecraft.webmagic.selector.Selectable.$(java.lang.String)]]></key>
<data><![CDATA[ select list with css selector

 @param selector css selector expression
 @return new Selectable after extract
]]></data>
</comment>
<comment>
<key><![CDATA[us.codecraft.webmagic.selector.Selectable.smartContent()]]></key>
<data><![CDATA[ select smart content with ReadAbility algorithm

 @return content
]]></data>
</comment>
<comment>
<key><![CDATA[us.codecraft.webmagic.selector.Selectable.links()]]></key>
<data><![CDATA[ select all links

 @return all links
]]></data>
</comment>
<comment>
<key><![CDATA[us.codecraft.webmagic.selector.Selectable.regex(java.lang.String)]]></key>
<data><![CDATA[ select list with regex

 @param regex
 @return new Selectable after extract
]]></data>
</comment>
<comment>
<key><![CDATA[us.codecraft.webmagic.selector.Selectable.replace(java.lang.String, java.lang.String)]]></key>
<data><![CDATA[ replace with regex

 @param regex
 @param replacement
 @return new Selectable after extract
]]></data>
</comment>
<comment>
<key><![CDATA[us.codecraft.webmagic.selector.Selectable.toString()]]></key>
<data><![CDATA[ single string result

 @return single string result
]]></data>
</comment>
<comment>
<key><![CDATA[us.codecraft.webmagic.selector.Selectable.all()]]></key>
<data><![CDATA[ multi string result

 @return multi string result
]]></data>
</comment>
</javadoc>
