<?xml version="1.0" encoding="UTF-8" standalone="no"?>
<javadoc>
<meta>
<date-generated>Sat Aug 17 14:14:46 CST 2013</date-generated>
</meta>
<comment>
<key><![CDATA[us.codecraft.webmagic.utils.UrlUtils]]></key>
<data><![CDATA[ url及html处理工具类。<br>
 @author code4crafter@gmail.com <br>
 Date: 13-4-21
 Time: 下午1:52
]]></data>
</comment>
<comment>
<key><![CDATA[us.codecraft.webmagic.utils.UrlUtils.canonicalizeUrl(java.lang.String, java.lang.String)]]></key>
<data><![CDATA[ 将url想对地址转化为绝对地址
 @param url url地址
 @param refer url地址来自哪个页面
 @return url绝对地址
]]></data>
</comment>
</javadoc>
