<?xml version="1.0" encoding="UTF-8" standalone="no"?>
<javadoc>
<meta>
<date-generated>Sat Aug 17 14:14:46 CST 2013</date-generated>
</meta>
<comment>
<key><![CDATA[us.codecraft.webmagic.model.OOSpider]]></key>
<data><![CDATA[ 基于Model的Spider，封装后的入口类。<br>
 @author code4crafter@gmail.com <br>
 Date: 13-8-3 <br>
 Time: 上午9:51 <br>
]]></data>
</comment>
<comment>
<key><![CDATA[us.codecraft.webmagic.model.OOSpider(us.codecraft.webmagic.Site, us.codecraft.webmagic.pipeline.PageModelPipeline, java.lang.Class...)]]></key>
<data><![CDATA[ 创建一个爬虫。<br>
 @param site
 @param pageModelPipeline
 @param pageModels
]]></data>
</comment>
</javadoc>
